AVHRRF_MB-STAR-L3U-v2.80,Coming Soon
AVHRRF_MC-STAR-L3U-v2.80,Coming Soon
GAMSSA_28km-ABOM-L4-GLOB-v01,Coming Soon
MODIS_AQUA_L3_SST_MID-IR_8DAY_4KM_NIGHTTIME_V2019.0,Coming Soon
MODIS_AQUA_L3_SST_MID-IR_8DAY_9KM_NIGHTTIME_V2019.0,Coming Soon
MODIS_AQUA_L3_SST_MID-IR_ANNUAL_4KM_NIGHTTIME_V2019.0,Coming Soon
MODIS_AQUA_L3_SST_MID-IR_ANNUAL_9KM_NIGHTTIME_V2019.0,Coming Soon
MODIS_AQUA_L3_SST_MID-IR_DAILY_4KM_NIGHTTIME_V2019.0,Coming Soon
MODIS_AQUA_L3_SST_MID-IR_DAILY_9KM_NIGHTTIME_V2019.0,Coming Soon
MODIS_AQUA_L3_SST_MID-IR_MONTHLY_4KM_NIGHTTIME_V2019.0,Coming Soon
MODIS_AQUA_L3_SST_MID-IR_MONTHLY_9KM_NIGHTTIME_V2019.0,Coming Soon
MODIS_AQUA_L3_SST_THERMAL_8DAY_4KM_DAYTIME_V2019.0,Coming Soon
MODIS_AQUA_L3_SST_THERMAL_8DAY_4KM_NIGHTTIME_V2019.0,Coming Soon
MODIS_AQUA_L3_SST_THERMAL_8DAY_9KM_DAYTIME_V2019.0,Coming Soon
MODIS_AQUA_L3_SST_THERMAL_8DAY_9KM_NIGHTTIME_V2019.0,Coming Soon
MODIS_AQUA_L3_SST_THERMAL_ANNUAL_4KM_DAYTIME_V2019.0,Coming Soon
MODIS_AQUA_L3_SST_THERMAL_ANNUAL_4KM_NIGHTTIME_V2019.0,Coming Soon
MODIS_AQUA_L3_SST_THERMAL_ANNUAL_9KM_DAYTIME_V2019.0,Coming Soon
MODIS_AQUA_L3_SST_THERMAL_ANNUAL_9KM_NIGHTTIME_V2019.0,Coming Soon
MODIS_AQUA_L3_SST_THERMAL_DAILY_4KM_DAYTIME_V2019.0,Coming Soon
MODIS_AQUA_L3_SST_THERMAL_DAILY_4KM_NIGHTTIME_V2019.0,Coming Soon
MODIS_AQUA_L3_SST_THERMAL_DAILY_9KM_DAYTIME_V2019.0,Coming Soon
MODIS_AQUA_L3_SST_THERMAL_DAILY_9KM_NIGHTTIME_V2019.0,Coming Soon
MODIS_AQUA_L3_SST_THERMAL_MONTHLY_4KM_DAYTIME_V2019.0,Coming Soon
MODIS_AQUA_L3_SST_THERMAL_MONTHLY_4KM_NIGHTTIME_V2019.0,Coming Soon
MODIS_AQUA_L3_SST_THERMAL_MONTHLY_9KM_DAYTIME_V2019.0,Coming Soon
MODIS_AQUA_L3_SST_THERMAL_MONTHLY_9KM_NIGHTTIME_V2019.0,Coming Soon
MODIS_TERRA_L3_SST_MID-IR_8DAY_4KM_NIGHTTIME_V2019.0,Coming Soon
MODIS_TERRA_L3_SST_MID-IR_8DAY_9KM_NIGHTTIME_V2019.0,Coming Soon
MODIS_TERRA_L3_SST_MID-IR_ANNUAL_4KM_NIGHTTIME_V2019.0,Coming Soon
MODIS_TERRA_L3_SST_MID-IR_ANNUAL_9KM_NIGHTTIME_V2019.0,Coming Soon
MODIS_TERRA_L3_SST_MID-IR_DAILY_4KM_NIGHTTIME_V2019.0,Coming Soon
MODIS_TERRA_L3_SST_MID-IR_DAILY_9KM_NIGHTTIME_V2019.0,Coming Soon
MODIS_TERRA_L3_SST_MID-IR_MONTHLY_4KM_NIGHTTIME_V2019.0,Coming Soon
MODIS_TERRA_L3_SST_MID-IR_MONTHLY_9KM_NIGHTTIME_V2019.0,Coming Soon
MODIS_TERRA_L3_SST_THERMAL_8DAY_4KM_DAYTIME_V2019.0,Coming Soon
MODIS_TERRA_L3_SST_THERMAL_8DAY_4KM_NIGHTTIME_V2019.0,Coming Soon
MODIS_TERRA_L3_SST_THERMAL_8DAY_9KM_DAYTIME_V2019.0,Coming Soon
MODIS_TERRA_L3_SST_THERMAL_8DAY_9KM_NIGHTTIME_V2019.0,Coming Soon
MODIS_TERRA_L3_SST_THERMAL_ANNUAL_4KM_DAYTIME_V2019.0,Coming Soon
MODIS_TERRA_L3_SST_THERMAL_ANNUAL_4KM_NIGHTTIME_V2019.0,Coming Soon
MODIS_TERRA_L3_SST_THERMAL_ANNUAL_9KM_DAYTIME_V2019.0,Coming Soon
MODIS_TERRA_L3_SST_THERMAL_ANNUAL_9KM_NIGHTTIME_V2019.0,Coming Soon
MODIS_TERRA_L3_SST_THERMAL_DAILY_4KM_DAYTIME_V2019.0,Coming Soon
MODIS_TERRA_L3_SST_THERMAL_DAILY_4KM_NIGHTTIME_V2019.0,Coming Soon
MODIS_TERRA_L3_SST_THERMAL_DAILY_9KM_DAYTIME_V2019.0,Coming Soon
MODIS_TERRA_L3_SST_THERMAL_DAILY_9KM_NIGHTTIME_V2019.0,Coming Soon
MODIS_TERRA_L3_SST_THERMAL_MONTHLY_4KM_DAYTIME_V2019.0,Coming Soon
MODIS_TERRA_L3_SST_THERMAL_MONTHLY_4KM_NIGHTTIME_V2019.0,Coming Soon
MODIS_TERRA_L3_SST_THERMAL_MONTHLY_9KM_DAYTIME_V2019.0,Coming Soon
MODIS_TERRA_L3_SST_THERMAL_MONTHLY_9KM_NIGHTTIME_V2019.0,Coming Soon
OSCAR_L4_OC_FINAL_V2.0,Coming Soon
SMAP_JPL_L3_SSS_CAP_8DAY-RUNNINGMEAN_V5,Coming Soon
SMAP_JPL_L3_SSS_CAP_MONTHLY_V5,Coming Soon
